{"cameraMode":{"drawMode":0,"name":"Shaded","section":"Shading Mode"},"sceneLighting":true,"audioPlay":false,"sceneViewState":{"showFog":true,"showMaterialUpdate":false,"showSkybox":true,"showFlares":true,"showImageEffects":true,"showParticleSystems":true},"in2DMode":false,"pivot":{"x":-0.26813793182373049,"y":-0.7668533325195313,"z":-0.6760380268096924},"rotation":{"x":-0.15725095570087434,"y":-0.33981460332870486,"z":0.05774049833416939,"w":-0.9254563450813294},"size":6.1330180168151859,"orthographic":false}